id,first_name,last_name,email address,gender,age,money,lon,lat,phone,registration,inactive,last_seen,address,preference
27625,Leandra,Pabelik,lpabelik5f@yale.edu,Female,63,$55.18,18.2841004,49.6325518,0136319724,2019/04/16,false,1559565597,"Palkovice, Czech Republic",entrée/plat/dessert
27570,Ruthi,Ross,rross3w@sohu.com,Female,57,$20.37,19.2302203,50.4665752,,2018/10/23,false,1567165264,"Siewierz, Poland",entrée/plat/dessert
27572,Silas,Stourton,silas.stourton3y@answers.com,Male,22,"€32,99",118.8310811,24.9848125,,2018/12/30,false,1553692232,"Longbo, China",entrée/plat/dessert
27435,Roxine,Pettecrew,rpettecrew5@gravatar.com,F,64,"€98,93",121.648987,-8.844744,,2019/03/12,false,1552348800,"Potulando, Indonesia",entrée/plat
27558,Margaux,Gowanson,nope@thankyou.,Female,54,$13.30,14.7725567,45.1604718,,2018/08/13,false,1543382670,"Bribir, Croatia",entrée/plat/dessert
27497,Gordie,Bodicum,gbodicum1v@apache.org,Male,60,$47.26,13.9786808,49.7862433,0146943857,2017/04/29,false,1545810036,"Jince, Czech Republic",entrée/plat/dessert
27539,Dulcine,Stopforth,dstopforth31@forbes.com,Female,22,€12.60,-35.5876697,-6.2553933,,2017/12/13,false,1547566745,"Serrinha, Brazil",entrée/plat/dessert
27469,Denny,Hasnip,dhasnip13@so-net.ne.jp,Female,47,"€75,97",-89.917591,14.113818,,2017/05/01,false,1552070806,"Comapa, Guatemala",entrée/plat/dessert
27504,Audrie,Huws,,Female,23,$45.50,-71.1693594,-14.3568964,,2018/04/12,false,1546277949,"Maranganí, Peru",entrée/plat/dessert
27565,Esmeralda,Hollindale,ehollindale3r@guardian.co.uk,Female,29,$60.59,-36.5087385,-54.281149,,2017/10/05,false,1523547951,"Grytviken, China",entrée/plat/dessert
27446,Skippie,Arlott,sarlottg@so-net.ne.jp,M,49,"€25,27",38.95423,55.87784,,2017/08/13,false,1538823359,"Malaya Dubna, Russia",entrée/plat/dessert
27550,Shermie,Locard,slocard3c@lycos.com,Male,65,"€32,68",112.8135304,-7.305958,,2018/09/29,false,1556843025,"Wonorejo, Indonesia",entrée/plat/dessert
27548,Stanley,McCullen,smccullen3a@timesonline.co.uk,Male,60,,119.141473,28.074649,0875503094,2017/06/05,false,,"Longquan, China",entrée/plat/dessert
27537,Lila,Yellowlees,lyellowlees2z@cdbaby.com,Female,70,$52.80,-51.5289168,-29.2581646,,2017/05/26,false,1560009333,"Garibaldi, Brazil",entrée/plat/dessert
27554,Ty,Havock,thavock3g@google.co.jp,Male,55,"€32,73",112.044491,22.915094,,2017/02/08,false,1569738432,"Yunfu, China",entrée/plat/dessert
27619,Shelley,Skeemor,sskeemor59@princeton.edu,Female,44,$41.50,111.8784707,-7.5849174,0547556034,2019/01/24,false,1556975904,"Guyangan, Indonesia",entrée/plat/dessert
27442,Mort,Midford,mmidfordc@yale.edu,M,59,,6.8485009,5.9592535,0811321968,2019/06/25,false,,"Ozubulu, Nigeria",entrée/plat
27602,Eimile,Staterfield,estaterfield4s@cbsnews.com,Female,67,$38.51,-78.8458135,-2.7389977,,2017/12/10,false,1561677085,"Azogues, Ecuador",entrée/plat/dessert
27513,Dominick,Hryncewicz,dhryncewicz2b@amazonaws.com,Male,56,$80.71,68.2146857,38.5301118,,2017/08/04,false,1564108381,"Tursunzoda, Tajikistan",entrée/plat/dessert
27507,Tate,Feldmann,tfeldmann25@networksolutions.com,Male,no,"€83,79",30.1560436,-23.4114953,,2017/06/06,false,1524851114,"Duiwelskloof, South Africa",entrée/plat/dessert
27462,Graig,Brownsea,gbrownseaw@arstechnica.com,M,54,$80.23,110.3934388,-7.2133284,0262855559,2018/05/22,false,1569677290,"Sidomukti, Indonesia",entrée/plat/dessert
27466,Baron,Spurrett,bspurrett10@psu.edu,Male,36,$57.56,16.5805056,-18.3604041,06etcetera,2018/07/20,false,1549132191,"Omuthiya, Namibia",entrée/plat/dessert
27501,Thibaud,Hatje,thatje1z@is.gd,Male,24,$56.97,-7.185387,53.158984,,2017/08/21,false,1551554494,"Portarlington, Ireland",entrée/plat/dessert
27498,Pattie,Egiloff,pegiloff1w@liveinternet.ru,Male,44,,16.9312789,53.6808257,,2019/06/06,false,,"Czarne, Poland",entrée/plat/dessert
27563,Andre,Lugsdin,alugsdin3p@microsoft.com,Male,30,$40.63,12.2197116,57.121813,0144026028,2017/01/15,false,1559527898,"Varberg, Sweden",entrée/plat/dessert
27468,Chip,Halcro,chalcro12@noaa.gov,Male,41,$18.39,126.3020575,8.7833709,,2019/04/28,false,1566769126,"Marihatag, Philippines",entrée/plat/dessert
27460,Feliza,Kettlesting,fkettlestingu@51.la,F,63,$87.84,121.6851715,17.5358596,,2017/04/10,false,1554056095,"Maddarulug Norte, Philippines",entrée/plat/dessert
27551,Brigg,Bryett,bbryett3d@prlog.org,Male,20,"€25,50",102.638296,24.301245,0746863267,2017/10/25,false,1554860786,"Dayingjie, China",entrée/plat/dessert
27508,Nicolas,Close,nclose26@topsy.com,Male,43,$86.68,-6.2755912,53.3500473,,2018/02/12,false,1559958259,"Kingscourt, Ireland",entrée/plat/dessert
27509,Robinson,Glassopp,rglassopp27@wikimedia.org,Male,44,$86.11,113.778639,26.480043,,2017/11/24,false,1569735802,"Xiayang, China",entrée/plat
27440,Erick,Meharry,emeharrya@wikispaces.com,M,52,"€40,72",3.5751746,47.794456,0098166909,2017/04/21,false,1531297331,"Auxerre, France",entrée/plat/dessert
27593,Evelyn,Olenichev,eolenichev4j@tripadvisor.com,Female,44,€49.32,23.7117556,37.9442881,0214068650,2017/01/02,false,1565218779,"Néa Smýrni, Greece",entrée/plat/dessert
27530,Javier,London,,Male,61,$46.61,-71.4655565,-16.4544375,,2018/12/02,false,1560479824,"Sabandia, Peru",entrée/plat/dessert
27463,Caesar,Ferrarotti,cferrarottix@qq.com,M,59,€60.84,112.867154,-6.9218452,0346857462,2018/12/10,false,1569984237,"Trogan Barat, Indonesia",entrée/plat/dessert
27448,Martainn,Wallage,mwallagei@wsj.com,M,65,"€22,53",122.1916328,-8.618134,,2018/11/11,false,1541894400,"Wolomarang, Indonesia",entrée/plat/dessert
27560,Vinnie,Stansfield,non@merci,Female,35,$21.85,-64.6866092,10.19062,,2018/04/16,false,1561642218,"Lecherías, Venezuela",entrée/plat/dessert
27595,Kenton,Curzon,kcurzon4l@eepurl.com,Male,35,$49.54,31.5958532,51.8911132,,2018/11/17,false,1564245477,"Horodnya, Ukraine",entrée/plat/dessert
27617,Smitty,Richter,srichter57@pinterest.com,Male,54,$19.07,37.1492786,56.7477877,0789,2018/10/20,false,1555243039,"Zarya, Russia",entrée/plat/dessert
27494,Gill,Cottell,gcottell1s@upenn.edu,Female,63,€58.30,0.813275,46.6473105,0177869521,2017/01/09,false,1541256550,"Ajaccio, France",entrée/plat/dessert
27505,Alvis,Bonar,abonar23@wufoo.com,Male,27,$90.88,14.4266438,49.6605765,,2017/03/09,false,1552136767,"Sedlčany, Czech Republic",entrée/plat/dessert
27566,Amalie,Matthisson,aMatthisson3s@ted.com,Female,63,"€13,89",16.3041503,57.9936068,0409272683,2019/01/20,false,1547942400,"Linköping, Sweden",entrée/plat/dessert
27456,Dorine,Gauchier,dgauchierq@admin.ch,F,33,"€27,33",31.7883933,47.309181,,2019/07/10,false,1562716800,"Nova Odesa, Ukraine",entrée/plat/dessert
27439,Darnall,Krolak,dkrolak9@alexa.com,M,27,€33.82,-82.6969408,8.5199389,,2018/10/20,false,1555327699,"Santa Marta, Panama",plat/dessert
27575,Kaycee,Geillier,k.geillier@gmail,Female,48,$53.88,95.9872235,5.246361,,2018/05/18,false,1531267083,"Baroh, Indonesia",entrée/plat/dessert
27545,Malinde,Lindsey,mlindsey37@sogou.com,Female,42,$77.38,16.9015317,53.0905078,,2019/06/14,false,1562362673,"Kaczory, Poland",entrée/plat/dessert
27432,Gardener,Kempson,gkempson2@furl.net,M,33,$41.30,25.9110602,49.1037815,0774378059,2017/09/08,false,1552935539,"Kopychyntsi, Ukraine",entrée/plat/dessert
27475,Early,Stubley,estubley19@qq.com,Male,46,,-8.2871878,38.9882422,,2018/07/17,false,,"Couço, Portugal",entrée/plat/dessert
27578,Correna,Esmond,cesmond44@topsy.com,Female,24,€46.01,38.4948982,48.4518702,,2017/01/30,false,1555384717,"Stepanivka, Ukraine",entrée/plat/dessert
27580,Bobbi,Yakubov,byakubov46@kickstarter.com,Female,27,€66.70,114.057865,22.543096,,2017/01/29,false,1568885833,"Sunzhen, China",entrée/plat/dessert
27458,Osborne,Donn,odonns@webeden.co.uk,M,33,"€34,19",117.430061,23.701262,0721208335,2018/09/01,false,1551996564,"Dongshe, China",plat/dessert
27483,Hanny,Ballin,hballin1h@networkadvertising.org,Female,sorry,$23.07,-79.1048501,-5.2755737,,2018/11/29,false,1543449600,"La Coipa, Peru",entrée/plat/dessert
27445,Gardener,Brosi,gbrosif@flickr.com,M,47,€35.62,-39.0710754,-11.2568167,0321573819,2017/03/30,false,1557537313,"Araci, Brazil",entrée/plat/dessert
27482,Denys,Sherr,denys_sherr@yahoo.com,Female,22,$47.70,-75.773888,-11.72447,,2017/08/18,false,1529064515,"Chacapalpa, Peru",entrée/plat/dessert
27467,Worden,Shewery,wshewery11@smugmug.com,Male,26,$15.67,19.8833333,40.9166667,0517301167,2018/08/22,false,1542872607,"Kajan, Albania",entrée/plat/dessert
27527,Hersh,Karpushkin,hkarpushkin2p@smugmug.com,Male,66,"€90,64",31.8164031,1.2061176,,2018/01/20,false,1529473822,"Kyankwanzi, Uganda",entrée/plat/dessert
27576,Kial,Gooble,kgooble42@parallels.com,Female,66,,122.018799,47.233746,,2018/03/05,false,,"Haduohe, China",entrée/plat/dessert
27471,Grethel,Burnyate,gburnyate15@mail.ru,Female,43,$39.99,106.6173415,-6.2956209,0593299765,2017/01/19,false,1538557022,"Pagedangan, Indonesia",entrée/plat/dessert
27547,Vasily,Moggach,vmoggach39@g.co,Male,39,"€47,01",20.2540479,50.7480989,0133026726,2018/01/07,false,1538874933,"Złotniki, Poland",entrée/plat/dessert
27531,Adair,Zelland,azelland2t@github.io,Male,58,"€36,73",-49.3164138,-25.1860913,,2018/03/13,false,1539551671,"Rio Branco do Sul, Brazil",entrée/plat/dessert
27478,Kinna,Ffoulkes,kffoulkes1c@archive.org,Female,no,$57.82,6.1250598,45.925854,,2018/08/13,false,1534118400,"Annecy, France",entrée/plat/dessert
27590,Hazel,Wilton,h_wilton@google.ca,Female,24,"€88,43",117.552738,30.8346,,2017/09/16,false,1538175590,"Fengle, China",plat/dessert
27543,Ogden,Jertz,ojertz35@aboutads.info,Male,20,,15.5596719,46.0733211,0228944761,2017/07/10,false,,"Kozje, Slovenia",entrée/plat/dessert
27520,Christye,Hamil,chamil2i@oaic.gov.au,Female,68,$42.44,23.0280055,49.154057,,2017/06/09,false,1524046464,"Turka, Ukraine",plat/dessert
27569,Ricardo,Martinovsky,rmartinovsky3v@npr.org,Male,52,$53.52,-76.7711626,-6.9353405,,2019/09/19,false,1568851200,"Saposoa, Peru",entrée/plat/dessert
27506,Brooke,Edwicker,bedwicker24@hugedomains.com,Male,sorry,$95.86,31.8875679,26.3418755,,2018/09/03,false,1535932800,"Jirjā, Egypt",entrée/plat/dessert
27621,Forbes,Viste,fviste5b@seattletimes.com,Male,22,$29.82,110.6749978,-7.6535289,0012673876,2019/01/22,false,1565124437,"Kuncen, Indonesia",entrée/plat/dessert
27588,Augustina,Hubbold,ahubbold4e@yandex.ru,Female,54,"€56,82",3.0792713,44.1012172,,2017/11/21,false,1559467512,"Millau, France",entrée/plat/dessert
27477,Rae,Lassey,rlassey1b@oracle.com,Female,62,€66.98,118.03177,24.808198,,2017/01/12,false,1569977600,"Zhangxi, China",entrée/plat/dessert
27541,Clio,Anning,canning33@globo.com,Female,37,"€86,59",29.2916352,-26.2155045,0744215909,2018/01/14,false,1548664493,"Kriel, South Africa",entrée/plat/dessert
27455,Ericka,Gowrich,egowrichp@t-online.de,F,65,€86.50,3.2188961,43.3362822,0431555341,2019/08/22,false,1566432000,"Béziers, France",entrée/plat/dessert
27499,Bret,Bradnock,bbradnock1x@reference.com,Male,54,"€26,11",39.5314274,44.418695,0644377486,2018/04/27,false,1530085379,"Khadyzhensk, Russia",entrée/plat/dessert
27430,Cordelie,Keir,ckeir0@ucla.edu,F,nope,$55.29,100.603798,16.158922,,2019/04/22,false,1555891200,"Thap Khlo, Thailand",entrée/plat/dessert
27484,Pedro,Gillease,pgillease1i@statcounter.com,Male,61,€28.74,-68.6028341,18.649728,,2018/11/26,false,1543190400,"Otra Banda, Dominican Republic",entrée/plat/dessert
27535,Essa,Trewman,etrewman2x@yale.edu,Female,42,$98.06,113.02064,28.39895,,2017/09/05,false,1549112178,"Beishan, China",entrée/plat/dessert
27584,Yehudit,Curston,ycurston4a@nifty.com  ,Male,63,$86.99,-106.4170311,31.9754756,0157438239,2019/01/09,false,1546992000,"El Paso, United States",entrée/plat/dessert
27546,Ellwood,Posten,,Male,70,$38.14,43.51122,15.18533,0592104123,2018/05/17,false,1562929632,"Al Khamīs, Yemen",entrée/plat/dessert
27512,Simonette,Breissan,sbreissan2a@state.tx.us,Female,66,$66.10,168.0177331,-46.3478987,0936125953,2018/07/08,false,1531008000,"Riverton, New Zealand",entrée/plat/dessert
27452,Gene,Daldan,gdaldanm@alexa.com,M,45,$41.16,115.474295,40.256729,,2019/04/26,false,1556236800,"Toubao, China",entrée/plat/dessert
27561,Peggy,Scuffham,nein@danke,Female,38,$43.86,125.5025812,11.5013799,0511039244,2017/04/08,false,1534783260,"Maydolong, Philippines",entrée/plat/dessert
27497,Gordie,Bodicum,gbodicum1v@apache.org,Male,60,$47.26,13.9786808,49.7862433,0146943857,2017/04/29,false,1545810036,"Jince, Czech Republic",entrée/plat/dessert
27517,Zack,Reinhard,zreinhard2f@github.com,Male,35,$91.20,-68.103824,-38.9615131,0056565079,2017/10/20,false,1555829802,"Las Lajas, Argentina",entrée/plat/dessert
27628,Arliene,Sedgeman,asedgeman5i@cmu.edu,Female,33,€61.49,14.5216278,59.3216049,0795796664,2017/05/10,false,1531100746,"Karlskoga, Sweden",entrée/plat/dessert
27556,Lori,Scandrett,lscandrett3i@goo.gl,Female,62,$17.84,39.1784374,55.9180886,,2017/05/04,false,1525585222,"Pokrov, Russia",entrée/plat/dessert
27585,Albrecht,Gilmartin,  agilmartin4b@un.org ,Male,66,"€17,08",9.8194682,2.3380025,,2017/10/03,false,1530173278,"Río Campo, Equatorial Guinea",entrée/plat/dessert
27589,Duane,Lyptrit,dlyptrit4f@lycos.com,Male,45,€77.18,108.1221146,-7.4111208,,2018/02/05,false,1566665251,"Sukasenang, Indonesia",entrée/plat/dessert
27529,Duane,Dudeney,ddudeney2r@pen.io,Male,40,$36.09,-50.4536793,-21.2028539,0159952607,2019/01/11,false,1556780359,"Araçatuba, Brazil",entrée/plat/dessert
27516,Issiah,Poupard,ipoupard2e@twitpic.com,Male,33,"€18,67",17.4903796,49.199757,,2019/07/16,false,1563235200,"Žlutava, Czech Republic",plat
27559,Hersh,Glison,hglison3l@sciencedaily.com,Male,35,€70.24,5.8978018,43.4945737,0111330886,2018/04/08,false,1555773339,"Paris 19, France",entrée/plat/dessert
27555,Gav,Erskine,gerskine3h@tuttocitta.it,Male,47,$94.08,-4.2429565,36.757714,,2018/09/07,false,1557512059,"Malaga, Spain",entrée/plat/dessert
27579,Izzy,Clemence,Izzy.Clemence45@hhs.gov,Male,48,€46.75,97.521763,40.324768,,2019/08/10,false,1565395200,"Xigebi, China",entrée/plat/dessert
27480,Lind,Pitkin,lpitkin1e@google.com,Male,31,€22.54,110.506663,24.765091,,2017/10/07,false,1548350903,"Sanjie, China",plat
27618,Murielle,Beston,mbeston58@youku.com,Female,38,"€99,47",173.138978,1.386973,,2017/02/19,false,1536596198,"Bonriki Village, Kiribati",entrée/plat/dessert
27438,Anson,Churchward,achurchward8@mit.edu,M,45,$81.45,-9.4851741,52.4460804,0665664983,2019/07/17,false,1563321600,"Listowel, Ireland",entrée/plat/dessert
27547,Vasily,Moggach,vmoggach39@g.co,Male,39,"€47,01",20.2540479,50.7480989,0133026726,2018/01/07,false,1538874933,"Złotniki, Poland",entrée/plat/dessert
27433,Kissie,Alstead,kalstead3@ameblo.jp,F,47,€24.90,-88.6714295,15.1398293,,2017/01/17,false,1525926135,"Los Tangos, Honduras",entrée/plat/dessert
27586,Micky,Piffe,mpiffe4c@dagondesign.com,Female,55,$40.93,17.2804413,62.1964266,,2017/02/27,false,1557645573,"Njurunda, Sweden",entrée/plat/dessert
27565,,,,,,,,,,,,,,
27451,Udale,MacTrustie,umactrustiel@wordpress.org,M,24,€67.19,17.2717728,49.9318266,,2019/09/05,false,1567641600,"Rýmařov, Czech Republic",entrée/plat/dessert
27502,Malissia,Bonnette,mbonnette20@creativecommons.org,Female,30,"€38,24",19.2224417,49.6496394,,2018/09/22,false,1537574400,"Żywiec, Poland",entrée/plat/dessert
27443,Perl,Saffin,psaffind@sitemeter.com,F,27,€58.12,129.0756416,35.1795543,,2019/02/03,false,1549152000,"Puan, South Korea",entrée/plat/dessert
27627,Barth,Davinet,bdavinet5h@paginegialle.it,Male,68,€40.02,120.200683,16.024626,,2019/06/22,false,1561161600,"Capandanan, Philippines",entrée/plat/dessert
27553,Ketti,Dispencer,kdispencer3f@ovh.net,Female,28,€70.12,111.7018452,-8.2702492,0368652867,2019/05/02,false,1556755200,"Watulimo, Indonesia",entrée/plat/dessert
27532,Abigale,Gaize,agaize2u@gravatar.com,Female,48,$84.47,97.863214,36.089488,,2019/07/20,false,1563580800,"Xiangride, China",entrée/plat/dessert
27449,Dana,Peterson,dpetersonj@msn.com,M,21,$13.71,111.778931,29.746561,,2017/08/01,false,1541228906,"Cennan, China",plat
27464,Lodovico,Pimm,lpimmy@unc.edu,M,25,$95.51,13.416501,-12.5905158,,2017/02/13,false,1548545493,"Benguela, Angola",entrée/plat/dessert
27490,Selia,Cheng,scheng1o@amazonaws.com,Female,25,€75.91,31.7883933,47.309181,,2019/07/14,false,1563062400,"Nova Odesa, Ukraine",entrée/plat/dessert
27616,Myrta,O'Hartnett,mohartnett56@howstuffworks.com,Female,48,"€38,83",44.4364706,-12.1584708,0414375779,2017/05/21,false,1528579351,"Patsi, Comoros",entrée/plat/dessert
27549,Lay,Bramsom,lbramsom3b@godaddy.com,Male,43,$90.86,110.2951364,-7.6247732,,2017/02/18,false,1525016177,"Salam, Indonesia",entrée/plat/dessert
27582,Frannie,Bagnal,fbagnal48@creativecommons.org,Female,63,€73.32,106.8809319,-6.4933318,0267878531,2017/05/15,false,1570374771,"Citeureup, Indonesia",entrée/plat/dessert
27608,Raleigh,Tomashov,rtomashov4y@com.com,Male,45,$18.00,-5.0533632,32.8771669,,2018/04/03,false,1535095958,"Itzer, Morocco",entrée/plat/dessert
27520,Christye,Hamil,chamil2i@oaic.gov.au,Female,68,$42.44,23.0280055,49.154057,,2017/06/09,false,1524046464,"Turka, Ukraine",plat
27533,Charmian,Bewlay,cbewlay2v@t-online.de,Female,62,$38.91,36.5091081,55.6207919,,2019/01/16,false,1555150677,"Tuchkovo, Russia",entrée/plat/dessert
27544,Cristiano,Midghall,cmidghall36@npr.org,Male,47,€43.94,-75.6499025,4.8271607,0574769298,2018/01/25,false,1560607369,"Dos Quebradas, Colombia",entrée/plat/dessert
27562,Maure,Cronk,no@thanks,Female,41,"€57,41",111.8568586,37.2425649,0385826731,2017/04/26,false,1545396408,"Sanxi, China",entrée/plat/dessert
27583,Petr,Swann,pSwann49@msn.com,Male,44,,73.9212283,31.8167901,,2019/01/02,false,,"Jāndiāla Sher Khān, Pakistan",entrée/plat/dessert
27611,Chan,Roelofsen,croelofsen51@multiply.com,Male,70,$16.39,-47.1322342,-23.5257248,0221155876,2018/11/09,false,1555208320,"São Roque, Brazil",entrée/plat/dessert
27534,Dalt,Hobell,dhobell2w@mediafire.com,Male,20,$59.95,35.9407539,49.9511113,,2017/04/17,false,1564977779,"Lyubotyn, Ukraine",entrée/plat/dessert
27528,Balduin,Forshaw,bforshaw2q@1und1.de,Male,42,$86.14,21.9542482,51.3180409,0817650798,2017/10/14,false,1565285953,"Kazimierz Dolny, Poland",entrée/plat/dessert
27626,Sim,Dinwoodie,sdinwoodie5g@etsy.com,Male,65,€95.24,-66.3381678,-33.2843846,,2018/08/26,false,1559306421,"Buena Esperanza, Argentina",entrée/plat/dessert
27454,Mischa,Manneville,mmannevilleo@wiley.com,M,60,"€71,36",18.7885677,51.811764,,2017/05/18,false,1564207201,"Pęczniew, Poland",entrée/plat/dessert
27581,Aldus,Dreghorn,adreghorn47@thetimes.co.uk,Male,38,,113.016085,29.39441,0222360265,2018/10/16,false,,"Gangdong, China",entrée/plat/dessert
27511,Bogart,Brownbill,bbrownbill29@yolasite.com,Male,44,€13.30,17.4884299,52.99166,0545969512,2017/11/14,false,1538310246,"Kcynia, Poland",entrée/plat/dessert
27574,Salem,Leadston,sleadston40@uol.com.br,Male,54,$44.41,33.6422932,-9.2263237,,2017/01/31,false,1555953011,"Katumba, Tanzania",entrée/plat/dessert
27503,Gabbi,Benaine,gbenaine21@vk.com,Female,54,$91.91,71.5249154,35.2121805,,2018/09/12,false,1540164256,"Nāṟay, Afghanistan",entrée/plat/dessert
27486,Ewen,Bacop,ebacop1k@thetimes.co.uk,Male,26,"€62,20",26.023656,-24.42787,0918048688,2018/06/01,false,1539817567,"Bokaa, Botswana",entrée/plat/dessert
27459,Jamima,Kynan,jkynant@qq.com,F,41,"€49,12",26.7063745,-30.6866136,0816110547,2019/06/18,false,1570728078,"Aliwal North, South Africa",entrée/plat/dessert
27622,Lyn,Durker,ldurker5c@bandcamp.com,Female,61,$46.11,20.737591,39.1505158,,2017/06/27,false,1538035829,"Néos Oropós, Greece",entrée/plat/dessert
27431,Sinclair,Witherow,switherow1@joomla.org,M,41,€55.95,22.0049709,56.674534,0298040087,2018/12/26,false,1545782400,"Skrunda, Latvia",entrée/plat/dessert
27522,Sasha,Bozworth,sbozworth2k@ehow.com,Male,70,"€83,98",-8.334953,51.8610022,0345561695,2018/04/17,false,1523923200,"Claremorris, Ireland",entrée/plat/dessert
27453,Aldis,Gutridge,agutridgen@vkontakte.ru,M,67,€61.93,43.7706401,43.9923818,,2018/01/09,false,1553201802,"Orlovka, Russia",entrée/plat/dessert
27518,Urson,Millott,umillott2g@nyu.edu,Male,70,"€60,03",106.476211,29.471977,,2018/07/11,false,1570862461,"Xinshancun, China",entrée/plat/dessert
27485,Veradis,McKeurtan,vmckeurtan1j@devhub.com,Female,54,€56.55,138.1146139,36.504083,,2018/11/28,false,1543363200,"Suzaka, Japan",entrée/plat/dessert
27598,Sharai,Winchcum,  swinchcum4o@apple.com,Female,34,,113.2475087,23.1243988,,2018/12/30,false,,"Xinbu, China",entrée/plat/dessert
27520,Christye,Hamil,chamil2i@oaic.gov.au,Female,68,$42.44,23.0280055,49.154057,,2017/06/09,false,1524046464,"Turka, Ukraine",entrée/plat/dessert
27515,Gaston,McCafferky,gmccafferky2d@reuters.com,Male,no,,112.4909,-6.9842,0495501591,2018/11/04,false,,"Saniwonorejo, Indonesia",entrée/plat/dessert
27479,Eustace,Chasson,echasson1d@technorati.com,Male,nope,,35.13278,31.42301,,2019/07/27,false,,"Al Karmil, Palestinian Territory",entrée/plat/dessert
27457,Alicia,Yerrall,ayerrallr@taobao.com,F,28,€75.48,76.785812,30.7058907,,2018/06/13,false,1528848000,"Darya Boyi, China",entrée/plat/dessert
27436,Davy,Nickels,dnickels6@tamu.edu,M,52,€51.69,-49.3247147,-16.115743,0847508396,2017/04/26,false,1553843640,"Petrolina de Goiás, Brazil",entrée/plat/dessert
27493,Amalee,Speek,aspeek1r@foxnews.com,Female,55,$27.84,21.4332317,42.4008473,,2019/04/18,false,1555545600,"Partesh, Kosovo",entrée/plat/dessert
27473,Koressa,Berthon,kberthon17@parallels.com,Female,42,$78.91,110.973252,30.823054,0289190675,2018/10/21,false,1566467674,"Maoping, China",entrée/plat/dessert
27472,Kennedy,Matzl,kmatzl16@prweb.com,Male,24,€66.59,118.679751,27.44587,,2017/03/14,false,1527820836,"Xinpu, China",entrée/plat/dessert
27500,Edi,Walczak,ewalczak1y@blogtalkradio.com,Female,no,$73.80,20.2318416,40.1063792,,2018/10/21,false,1542228914,"Saraqinishtë, Albania",entrée/plat/dessert
27577,Efren,Rowcliffe,  erowcliffe43@chronoengine.com,Male,20,€58.64,117.609916,34.429066,0486008155,2018/04/24,false,1526694329,"Damatou, China",entrée/plat/dessert
27587,Chandler,Ickowics,cickowics4d@mediafire.com,Male,33,"€54,95",101.052868,13.871805,,2018/01/24,false,1532809307,"Bang Nam Priao, Thailand",entrée/plat/dessert
27496,Kariotta,Klimentov,kklimentov1u@miitbeian.gov.cn,Female,24,€81.38,98.3459726,7.9122744,,2017/12/24,false,1559910972,"Ban Talat Yai, Thailand",entrée/plat/dessert
27525,Darell,Newbury,dnewbury2n@cbslocal.com,Female,65,,121.6397151,13.939297,,2019/09/24,false,,"Buan, Philippines",boisson
27540,Charlene,Cuttles,ccuttles32@spiegel.de,Female,31,$49.55,-65.9958004,10.3036144,,2019/09/20,false,1568937600,"San José de Barlovento, Venezuela",entrée/plat/dessert
27614,Roxine,Bellenie,rbellenie54@topsy.com ,Female,50,"€65,77",25.8731407,-24.6131407,0275529702,2019/05/03,false,1556841600,"Mogoditshane, Botswana",entrée/plat/dessert
27445,Gardener,Brosi,gbrosif@flickr.com,M,47,€35.62,-39.0710754,-11.2568167,0321573819,2017/03/30,false,1557537313,"Araci, Brazil",entrée/plat/dessert
27567,Basile,Gaddas,bGaddas3t@usatoday.com,Male,32,"€33,14",107.322323,25.822349,0345081211,2018/02/21,false,1543131379,"Pingtang, China",entrée/plat/dessert
27573,Harald,Timberlake,htimberlake3z@naver.com,Male,62,"€47,75",32.2633061,55.8502008,0842877691,2019/07/07,false,1562457600,"Zharkovskiy, Russia",entrée/plat/dessert
27538,Katie,La Wille,klawille30@usgs.gov,Female,28,$98.26,141.7366591,45.2029369,0121722344,2017/05/30,false,1525071566,"Wakkanai, Japan",entrée/plat/dessert
27495,Ariadne,Eger,aeger1t@vistaprint.com,Female,49,$82.35,39.4129061,51.626324,0378327099,2018/06/28,false,1567956990,"Novaya Usman’, Russia",entrée/plat/dessert
27623,Deborah,Sackes,dsackes5d@gnu.org,Female,36,$77.78,115.1831787,-8.6186415,0365047038,2018/11/08,false,1563276076,"Banjar Batuaji Kaja, Indonesia",entrée/plat/dessert
27594,Ada,McAvaddy,amcavaddy4k@storify.com,Female,54,$48.12,112.528308,32.990664,0771644155,2019/04/24,false,1559806941,"Nanyang, China",entrée/plat/dessert
27606,Cissy,Kirvin,ckirvin4w@jigsy.com,Female,56,$81.08,31.3579913,30.2182236,,2017/05/10,false,1531294194,"Al Khānkah, Egypt",entrée/plat/dessert
27461,Nappie,Watkinson,nwatkinsonv@csmonitor.com,M,38,$44.92,23.1771438,51.9038827,,2019/05/17,false,1558051200,"Łomazy, Poland",entrée/plat/dessert
27526,Sarajane,Fidler,sfidler2o@sitemeter.com,Female,70,$90.09,95.308054,32.596752,0511530696,2017/04/16,false,1533814154,"Jieduo, China",entrée/plat/dessert
27536,Fawn,Okell,fokell2y@wsj.com,Female,21,,108.4068343,-7.0795255,0218963033,2017/09/24,false,,"Cimenga, Indonesia",entrée/plat/dessert
27523,Wolfgang,Concannon,wconcannon2l@merriam-webster.com,Male,59,€51.68,120.174895,30.387552,,2017/07/10,false,1570377730,"Chongxian, China",entrée/plat/dessert
27524,Hewett,Tanslie,htanslie2m@hp.com,Male,49,$36.14,17.4368205,62.5262505,0934317702,2018/03/11,false,1563541535,"Timrå, Sweden",entrée/plat/dessert
27571,Shermie,Dyett,sdyett3x@paypal.com,Male,52,"€11,38",22.5397872,41.139883,,2017/07/02,false,1524100699,"Gevgelija, Macedonia",entrée/plat/dessert
27591,Salomone,Arrow,sarrow4h@goodreads.com,Male,32,"€77,50",-86.3503495,15.5847347,0243134786,2017/04/01,false,1556911522,"Puerto Alto, Honduras",entrée/plat/dessert
27600,Field,Wollaston,fwollaston4q@themeforest.net,Male,42,$12.94,58.468709,35.2434225,0392234826,2019/02/16,false,1557112172,"Kāshmar, Iran",entrée/plat/dessert
27474,Jordana,Vahl,jvahl18@fotki.com,Female,47,€12.59,35.542659,32.970422,,2019/01/19,false,1547856000,"Rosh Pinna, Israel",entrée/plat/dessert
27610,Verne,Cheek,vcheek50@google.com.hk,Male,39,€97.90,107.5889804,-6.8903936,,2017/11/24,false,1536883572,"Sukajadi, Indonesia",entrée/plat/dessert
27620,Sherri,Morstatt,smorstatt5a@blogtalkradio.com,Female,20,"€20,59",-87.879523,15.5900396,,2018/09/30,false,1548620116,"Monterrey, Honduras",entrée/plat/dessert
27605,Nollie,Ranscome,nranscome4v@cbc.ca,Female,55,$82.58,23.2416861,58.991981,0455157590,2019/09/04,false,1567555200,"Hullo, Estonia",entrée/plat/dessert
27487,Phyllida,Buggy,pbuggy1l@shinystat.com,Female,28,€68.22,-121.8374777,39.7284944,,2017/09/10,false,1541397429,"Chico, United States",entrée/plat/dessert
27599,Godfry,Stothart,gstothart4p@meetup.com,Male,57,"€87,48",-7.3462545,40.951501,,2018/02/13,false,1555796241,"Ourozinho, Portugal",entrée/plat/dessert
27450,Claudell,Babinski,cbabinskik@discovery.com,M,57,$73.35,19.3045833,51.2228143,0407262250,2018/11/03,false,1549254376,"Kleszczów, Poland",entrée/plat/dessert
27629,Lannie,Bimson,lbimson5j@ifeng.com,Male,54,$69.55,110.3255365,-7.8748176,0735950711,2017/07/10,false,1564767285,"Bantul, Indonesia",entrée/plat/dessert
27603,Adara,Farragher,afarragher4t@foxnews.com,Female,61,,29.7410255,46.5084799,0606471647,2018/03/12,false,,"Slobozia, Moldova",entrée/plat/dessert
27434,Esta,Serfati,eserfati4@geocities.jp,F,60,$24.59,71.6131931,36.7243344,,2018/07/10,false,1566787354,"Ishqoshim, Tajikistan",entrée/plat/dessert
27568,Marla,Twelftree,mtwelftree3u@google.nl,Female,64,$38.65,109.511909,18.252847,,2017/11/06,false,1559679969,"Sanqu, China",entrée/plat/dessert
27564,Lorne,Feak,lfeak3q@icio.us,Male,32,$57.49,8.8390321,11.7942415,0505884871,2018/01/14,false,1531660294,"Wudil, Nigeria",entrée/plat/dessert
27444,Selle,Kent,skente@imageshack.us,F,31,"€31,30",-58.5677879,-34.6126133,07.46.00.85.89,2018/03/15,false,1552845701,"Caseros, Argentina",entrée/plat/dessert
27601,Cathrine,Echallie,cechallie4r@nasa.gov,Female,32,$75.02,12.0745352,57.7328579,,2017/06/09,false,1544440699,"Göteborg, Sweden",entrée/plat/dessert
27437,Rudolf,Steinham,rsteinham7@google.de,M,31,€90.13,108.8016788,-7.6275173,06.17.44.23.22,2019/08/24,false,1566604800,"Cimrutu, Indonesia",entrée/plat/dessert
27491,Dilly,Brindle,dbrindle1p@trellian.com ,Male,23,$29.49,112.461956,26.974959,,2018/03/24,false,1537014849,"Wawu, China",entrée/plat/dessert
27542,Jorey,Dukelow,jdukelow34@aol.com,Female,32,$79.67,122.6045837,13.9567165,,2019/08/23,false,1566518400,"Tagkawayan Sabang, Philippines",entrée/plat/dessert
27514,Merill,Mulderrig,mmulderrig2c@homestead.com,Male,40,$44.82,45.0782615,40.9158143,,2017/10/03,false,1565920381,"Apaga, Armenia",entrée/plat/dessert
27481,Hank,Ronaldson,,Male,51,"€20,26",121.159547,30.049992,,2018/05/19,false,1547121990,"Dongyu, China",entrée/plat/dessert
27609,Orland,Linforth,olinforth4z@hud.gov,Male,64,€50.49,18.3266994,52.2572052,06.64.22.02.39,2018/09/11,false,1536624000,"Konin, Poland",entrée/plat/dessert
27613,Faber,Gerardot,fgerardot53@about.com,Male,69,€34.13,-84.9531618,10.2704687,,2018/03/17,false,1562389052,"Juntas, Costa Rica",entrée/plat/dessert
27596,André,Gorz,a.gorz@gmail.com,Male,43,€17.20,88.166695,39.024258,,2019/05/23,false,1570824321,"Vosnon, France",entrée/plat/dessert
27902,Goran,Drez,a.gorz+alias@gmail.com,Male,55,,88.166695,39.024258,,2019/07/23,false,,"Paris, France",entrée/plat/dessert
27470,Conny,Leggatt,cleggatt14@elegantthemes.com,Male,31,€71.21,1.1150619,49.4006213,,2018/06/05,false,1540876578,"Sotteville-lès-Rouen, France",entrée/plat/dessert
27489,Chevalier,Inchley,cinchley1n@technorati.com,Male,70,$70.64,6.0346235,49.6306384,,2017/09/23,false,1552507419,"Mamer, Luxembourg",entrée/plat/dessert
27615,Rosie,Menichino,rmenichino55@newyorker.com,Female,26,$92.46,-48.3242858,-10.249091,,2018/04/23,false,1553913014,"Palmas, Brazil",entrée/plat/dessert
27492,Laina,Genever,lgenever1q@indiatimes.com,Female,51,,112.36902,25.587519,,2017/04/24,false,,"Jiahe, China",entrée/plat/dessert
27488,Merill,Eastop,meastop1m@devhub.com,Male,57,"€88,08",106.763895,25.237566,,2017/06/08,false,1560547266,"Baliang, China",entrée/plat/dessert
27447,Melissa,McIver,mmciverh@drupal.org,F,49,€43.58,106.230908,38.487193,,2017/06/05,false,1568274589,"Yinchuan, China",entrée/plat/dessert
27592,Ettore,Featonby, efeatonby4i@hc360.com,Male,38,€17.96,8.271907,50.0897141,0466350315,2017/06/12,false,1531600097,"Wiesbaden, Germany",entrée/plat/dessert
27552,Tana,Levine,tlevine3e@netlog.com,Female,56,$94.45,43.1007634,44.0854864,,2017/08/09,false,1527881965,"Vinsady, Russia",entrée/plat/dessert
27557,Zachery,Smewings,zsmewings3j@ucsd.edu,Male,31,€65.32,112.999502,28.1905018,,2019/09/08,false,1567900800,"Luowan, China",entrée/plat/dessert
27510,Nanny,Irons,nirons28@intel.com,Female,53,"€33,95",-68.2385339,3.856457,0696703245,2019/04/24,false,1556064000,"Inírida, Colombia",entrée/plat/dessert
27607,Mel,Pelz,mpelz4x@cbslocal.com,Male,57,€22.55,28.678979,7.2675115,01.75.20.82.23,2018/10/16,false,1563695910,"Tonj, South Sudan",entrée/plat/dessert
27624,Dur,Hallaways,dhallaways5e@delicious.com,Male,25,"€69,16",106.720976,28.739865,0317009357,2019/07/27,false,1569214896,"Ganshui, China",entrée/plat/dessert
27604,Michelina,Lowcock, mlowcock4u@nba.com,Female,42,,12.3257105,58.3353986,0276520906,2017/07/12,false,,"Vänersborg, Sweden",entrée/plat/dessert
27630,,,,,,,,,,,,,,
27519,Leonora,Guild,lguild2h@census.gov,Female,54,€54.57,122.1950483,7.5523354,,2018/12/17,false,1545004800,"Siraway, Philippines",entrée/plat/dessert
27472,Kennedy,Matzl,kmatzl16@prweb.com,Male,24,€66.59,118.679751,27.44587,,2017/03/14,false,1527820836,"Xinpu, China",entrée/plat/dessert
27612,Torrance,Sivills,tsivills52@mapquest.com,Male,24,$36.43,-91.148259,15.0270435,,2018/04/03,false,1549640639,"Santa Cruz del Quiché, Guatemala",entrée/plat/dessert
27465,Adelind,Christin,achristinz@blogs.com,Female,30,"€81,84",41.4278531,52.4159683,,2019/06/04,false,1559606400,"Znamenka, Russia",entrée/plat/dessert
27476,Petronella,Pickance,ppickance1a@uiuc.edu,Female,28,€37.15,132.7021114,33.7622962,,2017/11/22,false,1532870309,"Iyo, Japan",entrée/plat/dessert
27521,Moritz,Issacof,missacof2j@wired.com,Male,21,$91.97,72.3110986,31.2633956,0298949280,2018/08/20,false,1549816743,"Jhang Sadr, Pakistan",entrée/plat/dessert
27441,Quintana,Foulstone,qfoulstoneb@newsvine.com,F,32,"€55,64",111.1384418,-6.7836529,0734595126,2018/10/25,false,1540425600,"Mantingantengah, Indonesia",entrée/plat/dessert
27597,Trueman,De Haven,tdehaven4n@goo.gl,Male,34,$81.54,-47.2089525,-23.0886496,0516973570,2017/06/05,false,1540441232,"Indaiatuba, Brazil",entrée/plat/dessert
